Naziv proteina,Pozicija,Aminokiselina,VSL2b rezultat,Klasifikacija,Virus
YP_138523.1 |spike glycoprotein,1,M,0.888132,neuređena,Ebola
YP_138523.1 |spike glycoprotein,2,G,0.839522,neuređena,Ebola
YP_138523.1 |spike glycoprotein,3,G,0.796716,neuređena,Ebola
YP_138523.1 |spike glycoprotein,4,L,0.70248,neuređena,Ebola
YP_138523.1 |spike glycoprotein,5,S,0.606353,neuređena,Ebola
YP_138523.1 |spike glycoprotein,6,L,0.495236,uređena,Ebola
YP_138523.1 |spike glycoprotein,7,L,0.424533,uređena,Ebola
YP_138523.1 |spike glycoprotein,8,Q,0.383087,uređena,Ebola
YP_138523.1 |spike glycoprotein,9,L,0.388999,uređena,Ebola
YP_138523.1 |spike glycoprotein,10,P,0.447381,uređena,Ebola
YP_138523.1 |spike glycoprotein,11,R,0.478384,uređena,Ebola
YP_138523.1 |spike glycoprotein,12,D,0.492812,uređena,Ebola
YP_138523.1 |spike glycoprotein,13,K,0.476727,uređena,Ebola
YP_138523.1 |spike glycoprotein,14,F,0.420411,uređena,Ebola
YP_138523.1 |spike glycoprotein,15,R,0.344946,uređena,Ebola
YP_138523.1 |spike glycoprotein,16,K,0.270508,uređena,Ebola
YP_138523.1 |spike glycoprotein,17,S,0.189686,uređena,Ebola
YP_138523.1 |spike glycoprotein,18,S,0.125738,uređena,Ebola
YP_138523.1 |spike glycoprotein,19,F,0.073532,uređena,Ebola
YP_138523.1 |spike glycoprotein,20,F,0.037745,uređena,Ebola
YP_138523.1 |spike glycoprotein,21,V,0.021683,uređena,Ebola
YP_138523.1 |spike glycoprotein,22,W,0.015132,uređena,Ebola
YP_138523.1 |spike glycoprotein,23,V,0.013369,uređena,Ebola
YP_138523.1 |spike glycoprotein,24,I,0.013778,uređena,Ebola
YP_138523.1 |spike glycoprotein,25,I,0.015598,uređena,Ebola
YP_138523.1 |spike glycoprotein,26,L,0.019632,uređena,Ebola
YP_138523.1 |spike glycoprotein,27,F,0.028126,uređena,Ebola
YP_138523.1 |spike glycoprotein,28,Q,0.041357,uređena,Ebola
YP_138523.1 |spike glycoprotein,29,K,0.054002,uređena,Ebola
YP_138523.1 |spike glycoprotein,30,A,0.071834,uređena,Ebola
YP_138523.1 |spike glycoprotein,31,F,0.093105,uređena,Ebola
YP_138523.1 |spike glycoprotein,32,S,0.12134,uređena,Ebola
YP_138523.1 |spike glycoprotein,33,M,0.155782,uređena,Ebola
YP_138523.1 |spike glycoprotein,34,P,0.181525,uređena,Ebola
YP_138523.1 |spike glycoprotein,35,L,0.197085,uređena,Ebola
YP_138523.1 |spike glycoprotein,36,G,0.215142,uređena,Ebola
YP_138523.1 |spike glycoprotein,37,V,0.240418,uređena,Ebola
YP_138523.1 |spike glycoprotein,38,V,0.261016,uređena,Ebola
YP_138523.1 |spike glycoprotein,39,T,0.276607,uređena,Ebola
YP_138523.1 |spike glycoprotein,40,N,0.288841,uređena,Ebola
YP_138523.1 |spike glycoprotein,41,S,0.314468,uređena,Ebola
YP_138523.1 |spike glycoprotein,42,T,0.309411,uređena,Ebola
YP_138523.1 |spike glycoprotein,43,L,0.293109,uređena,Ebola
YP_138523.1 |spike glycoprotein,44,E,0.289216,uređena,Ebola
YP_138523.1 |spike glycoprotein,45,V,0.284777,uređena,Ebola
YP_138523.1 |spike glycoprotein,46,T,0.26497,uređena,Ebola
YP_138523.1 |spike glycoprotein,47,E,0.250928,uređena,Ebola
YP_138523.1 |spike glycoprotein,48,I,0.229814,uređena,Ebola
YP_138523.1 |spike glycoprotein,49,D,0.212366,uređena,Ebola
YP_138523.1 |spike glycoprotein,50,Q,0.195231,uređena,Ebola
YP_138523.1 |spike glycoprotein,51,L,0.191821,uređena,Ebola
YP_138523.1 |spike glycoprotein,52,V,0.197445,uređena,Ebola
YP_138523.1 |spike glycoprotein,53,C,0.221991,uređena,Ebola
YP_138523.1 |spike glycoprotein,54,K,0.250351,uređena,Ebola
YP_138523.1 |spike glycoprotein,55,D,0.279558,uređena,Ebola
YP_138523.1 |spike glycoprotein,56,H,0.311415,uređena,Ebola
YP_138523.1 |spike glycoprotein,57,L,0.338956,uređena,Ebola
YP_138523.1 |spike glycoprotein,58,A,0.37823,uređena,Ebola
YP_138523.1 |spike glycoprotein,59,S,0.430312,uređena,Ebola
YP_138523.1 |spike glycoprotein,60,T,0.472699,uređena,Ebola
YP_138523.1 |spike glycoprotein,61,D,0.483382,uređena,Ebola
YP_138523.1 |spike glycoprotein,62,Q,0.487009,uređena,Ebola
YP_138523.1 |spike glycoprotein,63,L,0.491156,uređena,Ebola
YP_138523.1 |spike glycoprotein,64,K,0.470772,uređena,Ebola
YP_138523.1 |spike glycoprotein,65,S,0.460884,uređena,Ebola
YP_138523.1 |spike glycoprotein,66,V,0.453829,uređena,Ebola
YP_138523.1 |spike glycoprotein,67,G,0.468647,uređena,Ebola
YP_138523.1 |spike glycoprotein,68,L,0.46887,uređena,Ebola
YP_138523.1 |spike glycoprotein,69,N,0.493845,uređena,Ebola
YP_138523.1 |spike glycoprotein,70,L,0.500718,neuređena,Ebola
YP_138523.1 |spike glycoprotein,71,E,0.509804,neuređena,Ebola
YP_138523.1 |spike glycoprotein,72,G,0.526369,neuređena,Ebola
YP_138523.1 |spike glycoprotein,73,S,0.518063,neuređena,Ebola
YP_138523.1 |spike glycoprotein,74,G,0.517616,neuređena,Ebola
YP_138523.1 |spike glycoprotein,75,V,0.531847,neuređena,Ebola
YP_138523.1 |spike glycoprotein,76,S,0.546451,neuređena,Ebola
YP_138523.1 |spike glycoprotein,77,T,0.532471,neuređena,Ebola
YP_138523.1 |spike glycoprotein,78,D,0.546021,neuređena,Ebola
YP_138523.1 |spike glycoprotein,79,I,0.51318,neuređena,Ebola
YP_138523.1 |spike glycoprotein,80,P,0.474573,uređena,Ebola
YP_138523.1 |spike glycoprotein,81,S,0.451806,uređena,Ebola
YP_138523.1 |spike glycoprotein,82,A,0.434269,uređena,Ebola
YP_138523.1 |spike glycoprotein,83,T,0.394309,uređena,Ebola
YP_138523.1 |spike glycoprotein,84,K,0.374482,uređena,Ebola
YP_138523.1 |spike glycoprotein,85,R,0.386361,uređena,Ebola
YP_138523.1 |spike glycoprotein,86,W,0.365293,uređena,Ebola
YP_138523.1 |spike glycoprotein,87,G,0.338788,uređena,Ebola
YP_138523.1 |spike glycoprotein,88,F,0.339877,uređena,Ebola
YP_138523.1 |spike glycoprotein,89,R,0.357609,uređena,Ebola
YP_138523.1 |spike glycoprotein,90,S,0.346902,uređena,Ebola
YP_138523.1 |spike glycoprotein,91,G,0.344634,uređena,Ebola
YP_138523.1 |spike glycoprotein,92,V,0.376298,uređena,Ebola
YP_138523.1 |spike glycoprotein,93,P,0.388845,uređena,Ebola
YP_138523.1 |spike glycoprotein,94,P,0.388998,uređena,Ebola
YP_138523.1 |spike glycoprotein,95,K,0.392974,uređena,Ebola
YP_138523.1 |spike glycoprotein,96,V,0.391471,uređena,Ebola
YP_138523.1 |spike glycoprotein,97,V,0.379445,uređena,Ebola
YP_138523.1 |spike glycoprotein,98,S,0.383619,uređena,Ebola
YP_138523.1 |spike glycoprotein,99,Y,0.371712,uređena,Ebola
YP_138523.1 |spike glycoprotein,100,E,0.37145,uređena,Ebola
YP_138523.1 |spike glycoprotein,101,A,0.38356,uređena,Ebola
YP_138523.1 |spike glycoprotein,102,G,0.376358,uređena,Ebola
YP_138523.1 |spike glycoprotein,103,E,0.383287,uređena,Ebola
YP_138523.1 |spike glycoprotein,104,W,0.379132,uređena,Ebola
YP_138523.1 |spike glycoprotein,105,A,0.377421,uređena,Ebola
YP_138523.1 |spike glycoprotein,106,E,0.393034,uređena,Ebola
YP_138523.1 |spike glycoprotein,107,N,0.363199,uređena,Ebola
YP_138523.1 |spike glycoprotein,108,C,0.345588,uređena,Ebola
YP_138523.1 |spike glycoprotein,109,Y,0.328813,uređena,Ebola
YP_138523.1 |spike glycoprotein,110,N,0.396887,uređena,Ebola
YP_138523.1 |spike glycoprotein,111,L,0.420825,uređena,Ebola
YP_138523.1 |spike glycoprotein,112,E,0.455347,uređena,Ebola
YP_138523.1 |spike glycoprotein,113,I,0.498348,uređena,Ebola
YP_138523.1 |spike glycoprotein,114,K,0.548913,neuređena,Ebola
YP_138523.1 |spike glycoprotein,115,K,0.58367,neuređena,Ebola
YP_138523.1 |spike glycoprotein,116,P,0.601771,neuređena,Ebola
YP_138523.1 |spike glycoprotein,117,D,0.622534,neuređena,Ebola
YP_138523.1 |spike glycoprotein,118,G,0.642649,neuređena,Ebola
YP_138523.1 |spike glycoprotein,119,S,0.656156,neuređena,Ebola
YP_138523.1 |spike glycoprotein,120,E,0.665369,neuređena,Ebola
YP_138523.1 |spike glycoprotein,121,C,0.678628,neuređena,Ebola
YP_138523.1 |spike glycoprotein,122,L,0.68372,neuređena,Ebola
YP_138523.1 |spike glycoprotein,123,P,0.681032,neuređena,Ebola
YP_138523.1 |spike glycoprotein,124,P,0.67668,neuređena,Ebola
YP_138523.1 |spike glycoprotein,125,P,0.674218,neuređena,Ebola
YP_138523.1 |spike glycoprotein,126,P,0.648856,neuređena,Ebola
YP_138523.1 |spike glycoprotein,127,D,0.632734,neuređena,Ebola
YP_138523.1 |spike glycoprotein,128,G,0.628527,neuređena,Ebola
YP_138523.1 |spike glycoprotein,129,V,0.58691,neuređena,Ebola
YP_138523.1 |spike glycoprotein,130,R,0.557046,neuređena,Ebola
YP_138523.1 |spike glycoprotein,131,G,0.507264,neuređena,Ebola
YP_138523.1 |spike glycoprotein,132,F,0.445891,uređena,Ebola
YP_138523.1 |spike glycoprotein,133,P,0.403879,uređena,Ebola
YP_138523.1 |spike glycoprotein,134,R,0.374205,uređena,Ebola
YP_138523.1 |spike glycoprotein,135,C,0.386719,uređena,Ebola
YP_138523.1 |spike glycoprotein,136,R,0.374064,uređena,Ebola
YP_138523.1 |spike glycoprotein,137,Y,0.373865,uređena,Ebola
YP_138523.1 |spike glycoprotein,138,V,0.390686,uređena,Ebola
YP_138523.1 |spike glycoprotein,139,H,0.397717,uređena,Ebola
YP_138523.1 |spike glycoprotein,140,K,0.425785,uređena,Ebola
YP_138523.1 |spike glycoprotein,141,A,0.45719,uređena,Ebola
YP_138523.1 |spike glycoprotein,142,Q,0.478328,uređena,Ebola
YP_138523.1 |spike glycoprotein,143,G,0.482792,uređena,Ebola
YP_138523.1 |spike glycoprotein,144,T,0.479613,uređena,Ebola
YP_138523.1 |spike glycoprotein,145,G,0.474828,uređena,Ebola
YP_138523.1 |spike glycoprotein,146,P,0.459661,uređena,Ebola
YP_138523.1 |spike glycoprotein,147,C,0.457318,uređena,Ebola
YP_138523.1 |spike glycoprotein,148,P,0.441382,uređena,Ebola
YP_138523.1 |spike glycoprotein,149,G,0.415363,uređena,Ebola
YP_138523.1 |spike glycoprotein,150,D,0.393371,uređena,Ebola
YP_138523.1 |spike glycoprotein,151,Y,0.356043,uređena,Ebola
YP_138523.1 |spike glycoprotein,152,A,0.300661,uređena,Ebola
YP_138523.1 |spike glycoprotein,153,F,0.261334,uređena,Ebola
YP_138523.1 |spike glycoprotein,154,H,0.24216,uređena,Ebola
YP_138523.1 |spike glycoprotein,155,K,0.223608,uređena,Ebola
YP_138523.1 |spike glycoprotein,156,D,0.201828,uređena,Ebola
YP_138523.1 |spike glycoprotein,157,G,0.188042,uređena,Ebola
YP_138523.1 |spike glycoprotein,158,A,0.159854,uređena,Ebola
YP_138523.1 |spike glycoprotein,159,F,0.133255,uređena,Ebola
YP_138523.1 |spike glycoprotein,160,F,0.10797,uređena,Ebola
YP_138523.1 |spike glycoprotein,161,L,0.099773,uređena,Ebola
YP_138523.1 |spike glycoprotein,162,Y,0.091985,uređena,Ebola
YP_138523.1 |spike glycoprotein,163,D,0.086179,uređena,Ebola
YP_138523.1 |spike glycoprotein,164,R,0.077037,uređena,Ebola
YP_138523.1 |spike glycoprotein,165,L,0.076184,uređena,Ebola
YP_138523.1 |spike glycoprotein,166,A,0.080324,uređena,Ebola
YP_138523.1 |spike glycoprotein,167,S,0.081644,uređena,Ebola
YP_138523.1 |spike glycoprotein,168,T,0.081956,uređena,Ebola
YP_138523.1 |spike glycoprotein,169,V,0.084499,uređena,Ebola
YP_138523.1 |spike glycoprotein,170,I,0.086709,uređena,Ebola
YP_138523.1 |spike glycoprotein,171,Y,0.090797,uređena,Ebola
YP_138523.1 |spike glycoprotein,172,R,0.095457,uređena,Ebola
YP_138523.1 |spike glycoprotein,173,G,0.099387,uređena,Ebola
YP_138523.1 |spike glycoprotein,174,V,0.095831,uređena,Ebola
YP_138523.1 |spike glycoprotein,175,N,0.090657,uređena,Ebola
YP_138523.1 |spike glycoprotein,176,F,0.081128,uređena,Ebola
YP_138523.1 |spike glycoprotein,177,A,0.073373,uređena,Ebola
YP_138523.1 |spike glycoprotein,178,E,0.061908,uređena,Ebola
YP_138523.1 |spike glycoprotein,179,G,0.05361,uređena,Ebola
YP_138523.1 |spike glycoprotein,180,V,0.047234,uređena,Ebola
YP_138523.1 |spike glycoprotein,181,I,0.039546,uređena,Ebola
YP_138523.1 |spike glycoprotein,182,A,0.037542,uređena,Ebola
YP_138523.1 |spike glycoprotein,183,F,0.041827,uređena,Ebola
YP_138523.1 |spike glycoprotein,184,L,0.048578,uređena,Ebola
YP_138523.1 |spike glycoprotein,185,I,0.059351,uređena,Ebola
YP_138523.1 |spike glycoprotein,186,L,0.091393,uređena,Ebola
YP_138523.1 |spike glycoprotein,187,A,0.150701,uređena,Ebola
YP_138523.1 |spike glycoprotein,188,K,0.21696,uređena,Ebola
YP_138523.1 |spike glycoprotein,189,P,0.299201,uređena,Ebola
YP_138523.1 |spike glycoprotein,190,K,0.354338,uređena,Ebola
YP_138523.1 |spike glycoprotein,191,E,0.389351,uređena,Ebola
YP_138523.1 |spike glycoprotein,192,T,0.418933,uređena,Ebola
YP_138523.1 |spike glycoprotein,193,F,0.429024,uređena,Ebola
YP_138523.1 |spike glycoprotein,194,L,0.408811,uređena,Ebola
YP_138523.1 |spike glycoprotein,195,Q,0.427178,uređena,Ebola
YP_138523.1 |spike glycoprotein,196,S,0.414234,uređena,Ebola
YP_138523.1 |spike glycoprotein,197,P,0.381942,uređena,Ebola
YP_138523.1 |spike glycoprotein,198,P,0.352493,uređena,Ebola
YP_138523.1 |spike glycoprotein,199,I,0.356937,uređena,Ebola
YP_138523.1 |spike glycoprotein,200,R,0.361423,uređena,Ebola
YP_138523.1 |spike glycoprotein,201,E,0.385317,uređena,Ebola
YP_138523.1 |spike glycoprotein,202,A,0.422069,uređena,Ebola
YP_138523.1 |spike glycoprotein,203,V,0.45601,uređena,Ebola
YP_138523.1 |spike glycoprotein,204,N,0.466025,uređena,Ebola
YP_138523.1 |spike glycoprotein,205,Y,0.485514,uređena,Ebola
YP_138523.1 |spike glycoprotein,206,T,0.520883,neuređena,Ebola
YP_138523.1 |spike glycoprotein,207,E,0.534226,neuređena,Ebola
YP_138523.1 |spike glycoprotein,208,N,0.554843,neuređena,Ebola
YP_138523.1 |spike glycoprotein,209,T,0.578742,neuređena,Ebola
YP_138523.1 |spike glycoprotein,210,S,0.545567,neuređena,Ebola
YP_138523.1 |spike glycoprotein,211,S,0.503821,neuređena,Ebola
YP_138523.1 |spike glycoprotein,212,Y,0.468793,uređena,Ebola
YP_138523.1 |spike glycoprotein,213,Y,0.414172,uređena,Ebola
YP_138523.1 |spike glycoprotein,214,A,0.378775,uređena,Ebola
YP_138523.1 |spike glycoprotein,215,T,0.353745,uređena,Ebola
YP_138523.1 |spike glycoprotein,216,S,0.312984,uređena,Ebola
YP_138523.1 |spike glycoprotein,217,Y,0.273956,uređena,Ebola
YP_138523.1 |spike glycoprotein,218,L,0.265542,uređena,Ebola
YP_138523.1 |spike glycoprotein,219,E,0.259267,uređena,Ebola
YP_138523.1 |spike glycoprotein,220,Y,0.260914,uređena,Ebola
YP_138523.1 |spike glycoprotein,221,E,0.292143,uređena,Ebola
YP_138523.1 |spike glycoprotein,222,I,0.322505,uređena,Ebola
YP_138523.1 |spike glycoprotein,223,E,0.353252,uređena,Ebola
YP_138523.1 |spike glycoprotein,224,N,0.366797,uređena,Ebola
YP_138523.1 |spike glycoprotein,225,F,0.339798,uređena,Ebola
YP_138523.1 |spike glycoprotein,226,G,0.329203,uređena,Ebola
YP_138523.1 |spike glycoprotein,227,A,0.302637,uređena,Ebola
YP_138523.1 |spike glycoprotein,228,Q,0.286576,uređena,Ebola
YP_138523.1 |spike glycoprotein,229,H,0.269167,uređena,Ebola
YP_138523.1 |spike glycoprotein,230,S,0.26364,uređena,Ebola
YP_138523.1 |spike glycoprotein,231,T,0.26442,uređena,Ebola
YP_138523.1 |spike glycoprotein,232,T,0.283792,uređena,Ebola
YP_138523.1 |spike glycoprotein,233,L,0.286495,uređena,Ebola
YP_138523.1 |spike glycoprotein,234,F,0.291292,uređena,Ebola
YP_138523.1 |spike glycoprotein,235,K,0.289838,uređena,Ebola
YP_138523.1 |spike glycoprotein,236,I,0.272414,uređena,Ebola
YP_138523.1 |spike glycoprotein,237,D,0.260208,uređena,Ebola
YP_138523.1 |spike glycoprotein,238,N,0.23799,uređena,Ebola
YP_138523.1 |spike glycoprotein,239,N,0.219017,uređena,Ebola
YP_138523.1 |spike glycoprotein,240,T,0.220482,uređena,Ebola
YP_138523.1 |spike glycoprotein,241,F,0.23156,uređena,Ebola
YP_138523.1 |spike glycoprotein,242,V,0.269437,uređena,Ebola
YP_138523.1 |spike glycoprotein,243,R,0.309251,uređena,Ebola
YP_138523.1 |spike glycoprotein,244,L,0.33375,uređena,Ebola
YP_138523.1 |spike glycoprotein,245,D,0.347777,uređena,Ebola
YP_138523.1 |spike glycoprotein,246,R,0.345394,uređena,Ebola
YP_138523.1 |spike glycoprotein,247,P,0.322802,uređena,Ebola
YP_138523.1 |spike glycoprotein,248,H,0.309073,uređena,Ebola
YP_138523.1 |spike glycoprotein,249,T,0.296844,uređena,Ebola
YP_138523.1 |spike glycoprotein,250,P,0.290062,uređena,Ebola
YP_138523.1 |spike glycoprotein,251,Q,0.270516,uređena,Ebola
YP_138523.1 |spike glycoprotein,252,F,0.260408,uređena,Ebola
YP_138523.1 |spike glycoprotein,253,L,0.242711,uređena,Ebola
YP_138523.1 |spike glycoprotein,254,F,0.234923,uređena,Ebola
YP_138523.1 |spike glycoprotein,255,Q,0.228061,uređena,Ebola
YP_138523.1 |spike glycoprotein,256,L,0.246578,uređena,Ebola
YP_138523.1 |spike glycoprotein,257,N,0.237341,uređena,Ebola
YP_138523.1 |spike glycoprotein,258,D,0.238925,uređena,Ebola
YP_138523.1 |spike glycoprotein,259,T,0.248968,uređena,Ebola
YP_138523.1 |spike glycoprotein,260,I,0.26578,uređena,Ebola
YP_138523.1 |spike glycoprotein,261,H,0.284447,uređena,Ebola
YP_138523.1 |spike glycoprotein,262,L,0.348085,uređena,Ebola
YP_138523.1 |spike glycoprotein,263,H,0.410355,uređena,Ebola
YP_138523.1 |spike glycoprotein,264,Q,0.452011,uređena,Ebola
YP_138523.1 |spike glycoprotein,265,Q,0.462012,uređena,Ebola
YP_138523.1 |spike glycoprotein,266,L,0.466816,uređena,Ebola
YP_138523.1 |spike glycoprotein,267,S,0.428873,uređena,Ebola
YP_138523.1 |spike glycoprotein,268,N,0.381841,uređena,Ebola
YP_138523.1 |spike glycoprotein,269,T,0.327634,uređena,Ebola
YP_138523.1 |spike glycoprotein,270,T,0.27033,uređena,Ebola
YP_138523.1 |spike glycoprotein,271,G,0.215795,uređena,Ebola
YP_138523.1 |spike glycoprotein,272,R,0.170162,uređena,Ebola
YP_138523.1 |spike glycoprotein,273,L,0.131425,uređena,Ebola
YP_138523.1 |spike glycoprotein,274,I,0.107456,uređena,Ebola
YP_138523.1 |spike glycoprotein,275,W,0.101033,uređena,Ebola
YP_138523.1 |spike glycoprotein,276,T,0.095665,uređena,Ebola
YP_138523.1 |spike glycoprotein,277,L,0.098577,uređena,Ebola
YP_138523.1 |spike glycoprotein,278,D,0.104579,uređena,Ebola
YP_138523.1 |spike glycoprotein,279,A,0.106924,uređena,Ebola
YP_138523.1 |spike glycoprotein,280,N,0.113874,uređena,Ebola
YP_138523.1 |spike glycoprotein,281,I,0.125749,uređena,Ebola
YP_138523.1 |spike glycoprotein,282,N,0.126492,uređena,Ebola
YP_138523.1 |spike glycoprotein,283,A,0.129956,uređena,Ebola
YP_138523.1 |spike glycoprotein,284,D,0.141098,uređena,Ebola
YP_138523.1 |spike glycoprotein,285,I,0.144989,uređena,Ebola
YP_138523.1 |spike glycoprotein,286,G,0.13692,uređena,Ebola
YP_138523.1 |spike glycoprotein,287,E,0.152413,uređena,Ebola
YP_138523.1 |spike glycoprotein,288,W,0.150984,uređena,Ebola
YP_138523.1 |spike glycoprotein,289,A,0.159963,uređena,Ebola
YP_138523.1 |spike glycoprotein,290,F,0.191106,uređena,Ebola
YP_138523.1 |spike glycoprotein,291,W,0.25662,uređena,Ebola
YP_138523.1 |spike glycoprotein,292,E,0.308561,uređena,Ebola
YP_138523.1 |spike glycoprotein,293,N,0.361961,uređena,Ebola
YP_138523.1 |spike glycoprotein,294,K,0.411119,uređena,Ebola
YP_138523.1 |spike glycoprotein,295,K,0.448167,uređena,Ebola
YP_138523.1 |spike glycoprotein,296,N,0.4882,uređena,Ebola
YP_138523.1 |spike glycoprotein,297,L,0.52433,neuređena,Ebola
YP_138523.1 |spike glycoprotein,298,S,0.567224,neuređena,Ebola
YP_138523.1 |spike glycoprotein,299,E,0.590912,neuređena,Ebola
YP_138523.1 |spike glycoprotein,300,Q,0.610882,neuređena,Ebola
YP_138523.1 |spike glycoprotein,301,L,0.630086,neuređena,Ebola
YP_138523.1 |spike glycoprotein,302,R,0.621469,neuređena,Ebola
YP_138523.1 |spike glycoprotein,303,G,0.631172,neuređena,Ebola
YP_138523.1 |spike glycoprotein,304,E,0.635684,neuređena,Ebola
YP_138523.1 |spike glycoprotein,305,E,0.636014,neuređena,Ebola
YP_138523.1 |spike glycoprotein,306,L,0.648138,neuređena,Ebola
YP_138523.1 |spike glycoprotein,307,S,0.662704,neuređena,Ebola
YP_138523.1 |spike glycoprotein,308,F,0.676841,neuređena,Ebola
YP_138523.1 |spike glycoprotein,309,E,0.657889,neuređena,Ebola
YP_138523.1 |spike glycoprotein,310,A,0.683963,neuređena,Ebola
YP_138523.1 |spike glycoprotein,311,L,0.703077,neuređena,Ebola
YP_138523.1 |spike glycoprotein,312,S,0.72794,neuređena,Ebola
YP_138523.1 |spike glycoprotein,313,L,0.725834,neuređena,Ebola
YP_138523.1 |spike glycoprotein,314,N,0.75749,neuređena,Ebola
YP_138523.1 |spike glycoprotein,315,E,0.7885,neuređena,Ebola
YP_138523.1 |spike glycoprotein,316,T,0.813672,neuređena,Ebola
YP_138523.1 |spike glycoprotein,317,E,0.828536,neuređena,Ebola
YP_138523.1 |spike glycoprotein,318,D,0.835331,neuređena,Ebola
YP_138523.1 |spike glycoprotein,319,D,0.835743,neuređena,Ebola
YP_138523.1 |spike glycoprotein,320,D,0.831789,neuređena,Ebola
YP_138523.1 |spike glycoprotein,321,A,0.827662,neuređena,Ebola
YP_138523.1 |spike glycoprotein,322,A,0.828411,neuređena,Ebola
YP_138523.1 |spike glycoprotein,323,S,0.823549,neuređena,Ebola
YP_138523.1 |spike glycoprotein,324,S,0.816917,neuređena,Ebola
YP_138523.1 |spike glycoprotein,325,R,0.801492,neuređena,Ebola
YP_138523.1 |spike glycoprotein,326,I,0.799152,neuređena,Ebola
YP_138523.1 |spike glycoprotein,327,T,0.803032,neuređena,Ebola
YP_138523.1 |spike glycoprotein,328,K,0.804357,neuređena,Ebola
YP_138523.1 |spike glycoprotein,329,G,0.801139,neuređena,Ebola
YP_138523.1 |spike glycoprotein,330,R,0.788314,neuređena,Ebola
YP_138523.1 |spike glycoprotein,331,I,0.781791,neuređena,Ebola
YP_138523.1 |spike glycoprotein,332,S,0.778704,neuređena,Ebola
YP_138523.1 |spike glycoprotein,333,D,0.771899,neuređena,Ebola
YP_138523.1 |spike glycoprotein,334,R,0.767816,neuređena,Ebola
YP_138523.1 |spike glycoprotein,335,A,0.755883,neuređena,Ebola
YP_138523.1 |spike glycoprotein,336,T,0.745837,neuređena,Ebola
YP_138523.1 |spike glycoprotein,337,R,0.752963,neuređena,Ebola
YP_138523.1 |spike glycoprotein,338,K,0.7441,neuređena,Ebola
YP_138523.1 |spike glycoprotein,339,Y,0.757681,neuređena,Ebola
YP_138523.1 |spike glycoprotein,340,S,0.751539,neuređena,Ebola
YP_138523.1 |spike glycoprotein,341,D,0.75656,neuređena,Ebola
YP_138523.1 |spike glycoprotein,342,L,0.762676,neuređena,Ebola
YP_138523.1 |spike glycoprotein,343,V,0.757677,neuređena,Ebola
YP_138523.1 |spike glycoprotein,344,P,0.761163,neuređena,Ebola
YP_138523.1 |spike glycoprotein,345,K,0.762251,neuređena,Ebola
YP_138523.1 |spike glycoprotein,346,N,0.758803,neuređena,Ebola
YP_138523.1 |spike glycoprotein,347,S,0.757199,neuređena,Ebola
YP_138523.1 |spike glycoprotein,348,P,0.75092,neuređena,Ebola
YP_138523.1 |spike glycoprotein,349,G,0.749618,neuređena,Ebola
YP_138523.1 |spike glycoprotein,350,M,0.741344,neuređena,Ebola
YP_138523.1 |spike glycoprotein,351,V,0.723903,neuređena,Ebola
YP_138523.1 |spike glycoprotein,352,P,0.734777,neuređena,Ebola
YP_138523.1 |spike glycoprotein,353,L,0.747594,neuređena,Ebola
YP_138523.1 |spike glycoprotein,354,H,0.745898,neuređena,Ebola
YP_138523.1 |spike glycoprotein,355,I,0.741113,neuređena,Ebola
YP_138523.1 |spike glycoprotein,356,P,0.744667,neuređena,Ebola
YP_138523.1 |spike glycoprotein,357,E,0.769629,neuređena,Ebola
YP_138523.1 |spike glycoprotein,358,G,0.773688,neuređena,Ebola
YP_138523.1 |spike glycoprotein,359,E,0.778901,neuređena,Ebola
YP_138523.1 |spike glycoprotein,360,T,0.785205,neuređena,Ebola
YP_138523.1 |spike glycoprotein,361,T,0.796663,neuređena,Ebola
YP_138523.1 |spike glycoprotein,362,L,0.806626,neuređena,Ebola
YP_138523.1 |spike glycoprotein,363,P,0.81129,neuređena,Ebola
YP_138523.1 |spike glycoprotein,364,S,0.813805,neuređena,Ebola
YP_138523.1 |spike glycoprotein,365,Q,0.819265,neuređena,Ebola
YP_138523.1 |spike glycoprotein,366,N,0.814155,neuređena,Ebola
YP_138523.1 |spike glycoprotein,367,S,0.809163,neuređena,Ebola
YP_138523.1 |spike glycoprotein,368,T,0.803102,neuređena,Ebola
YP_138523.1 |spike glycoprotein,369,E,0.799483,neuređena,Ebola
YP_138523.1 |spike glycoprotein,370,G,0.796749,neuređena,Ebola
YP_138523.1 |spike glycoprotein,371,R,0.78615,neuređena,Ebola
YP_138523.1 |spike glycoprotein,372,R,0.775959,neuređena,Ebola
YP_138523.1 |spike glycoprotein,373,V,0.7612,neuređena,Ebola
YP_138523.1 |spike glycoprotein,374,G,0.764021,neuređena,Ebola
YP_138523.1 |spike glycoprotein,375,V,0.758065,neuređena,Ebola
YP_138523.1 |spike glycoprotein,376,N,0.761057,neuređena,Ebola
YP_138523.1 |spike glycoprotein,377,T,0.764183,neuređena,Ebola
YP_138523.1 |spike glycoprotein,378,Q,0.764765,neuređena,Ebola
YP_138523.1 |spike glycoprotein,379,E,0.75938,neuređena,Ebola
YP_138523.1 |spike glycoprotein,380,T,0.744563,neuređena,Ebola
YP_138523.1 |spike glycoprotein,381,I,0.751216,neuređena,Ebola
YP_138523.1 |spike glycoprotein,382,T,0.766195,neuređena,Ebola
YP_138523.1 |spike glycoprotein,383,E,0.763566,neuređena,Ebola
YP_138523.1 |spike glycoprotein,384,T,0.777631,neuređena,Ebola
YP_138523.1 |spike glycoprotein,385,A,0.789469,neuređena,Ebola
YP_138523.1 |spike glycoprotein,386,A,0.801023,neuređena,Ebola
YP_138523.1 |spike glycoprotein,387,T,0.805334,neuređena,Ebola
YP_138523.1 |spike glycoprotein,388,I,0.805799,neuređena,Ebola
YP_138523.1 |spike glycoprotein,389,I,0.817034,neuređena,Ebola
YP_138523.1 |spike glycoprotein,390,G,0.825094,neuređena,Ebola
YP_138523.1 |spike glycoprotein,391,T,0.832677,neuređena,Ebola
YP_138523.1 |spike glycoprotein,392,N,0.836943,neuređena,Ebola
YP_138523.1 |spike glycoprotein,393,G,0.843915,neuređena,Ebola
YP_138523.1 |spike glycoprotein,394,N,0.848749,neuređena,Ebola
YP_138523.1 |spike glycoprotein,395,H,0.852506,neuređena,Ebola
YP_138523.1 |spike glycoprotein,396,M,0.858455,neuređena,Ebola
YP_138523.1 |spike glycoprotein,397,Q,0.867318,neuređena,Ebola
YP_138523.1 |spike glycoprotein,398,I,0.87592,neuređena,Ebola
YP_138523.1 |spike glycoprotein,399,S,0.881707,neuređena,Ebola
YP_138523.1 |spike glycoprotein,400,T,0.889913,neuređena,Ebola
YP_138523.1 |spike glycoprotein,401,I,0.901139,neuređena,Ebola
YP_138523.1 |spike glycoprotein,402,G,0.909875,neuređena,Ebola
YP_138523.1 |spike glycoprotein,403,I,0.920608,neuređena,Ebola
YP_138523.1 |spike glycoprotein,404,R,0.932039,neuređena,Ebola
YP_138523.1 |spike glycoprotein,405,P,0.939927,neuređena,Ebola
YP_138523.1 |spike glycoprotein,406,S,0.951179,neuređena,Ebola
YP_138523.1 |spike glycoprotein,407,S,0.960306,neuređena,Ebola
YP_138523.1 |spike glycoprotein,408,S,0.968335,neuređena,Ebola
YP_138523.1 |spike glycoprotein,409,Q,0.974812,neuređena,Ebola
YP_138523.1 |spike glycoprotein,410,I,0.978631,neuređena,Ebola
YP_138523.1 |spike glycoprotein,411,P,0.981997,neuređena,Ebola
YP_138523.1 |spike glycoprotein,412,S,0.983843,neuređena,Ebola
YP_138523.1 |spike glycoprotein,413,S,0.985419,neuređena,Ebola
YP_138523.1 |spike glycoprotein,414,S,0.987498,neuređena,Ebola
YP_138523.1 |spike glycoprotein,415,P,0.989354,neuređena,Ebola
YP_138523.1 |spike glycoprotein,416,T,0.990829,neuređena,Ebola
YP_138523.1 |spike glycoprotein,417,T,0.992173,neuređena,Ebola
YP_138523.1 |spike glycoprotein,418,A,0.993132,neuređena,Ebola
YP_138523.1 |spike glycoprotein,419,P,0.994305,neuređena,Ebola
YP_138523.1 |spike glycoprotein,420,S,0.995272,neuređena,Ebola
YP_138523.1 |spike glycoprotein,421,P,0.996141,neuređena,Ebola
YP_138523.1 |spike glycoprotein,422,E,0.996686,neuređena,Ebola
YP_138523.1 |spike glycoprotein,423,A,0.997087,neuređena,Ebola
YP_138523.1 |spike glycoprotein,424,Q,0.997491,neuređena,Ebola
YP_138523.1 |spike glycoprotein,425,T,0.997827,neuređena,Ebola
YP_138523.1 |spike glycoprotein,426,P,0.998061,neuređena,Ebola
YP_138523.1 |spike glycoprotein,427,T,0.99819,neuređena,Ebola
YP_138523.1 |spike glycoprotein,428,T,0.998293,neuređena,Ebola
YP_138523.1 |spike glycoprotein,429,H,0.998376,neuređena,Ebola
YP_138523.1 |spike glycoprotein,430,T,0.998402,neuređena,Ebola
YP_138523.1 |spike glycoprotein,431,S,0.99849,neuređena,Ebola
YP_138523.1 |spike glycoprotein,432,G,0.998547,neuređena,Ebola
YP_138523.1 |spike glycoprotein,433,P,0.998522,neuređena,Ebola
YP_138523.1 |spike glycoprotein,434,S,0.998427,neuređena,Ebola
YP_138523.1 |spike glycoprotein,435,V,0.998379,neuređena,Ebola
YP_138523.1 |spike glycoprotein,436,M,0.998229,neuređena,Ebola
YP_138523.1 |spike glycoprotein,437,A,0.997852,neuređena,Ebola
YP_138523.1 |spike glycoprotein,438,T,0.997576,neuređena,Ebola
YP_138523.1 |spike glycoprotein,439,E,0.997106,neuređena,Ebola
YP_138523.1 |spike glycoprotein,440,E,0.996635,neuređena,Ebola
YP_138523.1 |spike glycoprotein,441,P,0.996328,neuređena,Ebola
YP_138523.1 |spike glycoprotein,442,T,0.99608,neuređena,Ebola
YP_138523.1 |spike glycoprotein,443,T,0.995947,neuređena,Ebola
YP_138523.1 |spike glycoprotein,444,P,0.995755,neuređena,Ebola
YP_138523.1 |spike glycoprotein,445,P,0.995523,neuređena,Ebola
YP_138523.1 |spike glycoprotein,446,G,0.995143,neuređena,Ebola
YP_138523.1 |spike glycoprotein,447,S,0.994306,neuređena,Ebola
YP_138523.1 |spike glycoprotein,448,S,0.993446,neuređena,Ebola
YP_138523.1 |spike glycoprotein,449,P,0.992546,neuređena,Ebola
YP_138523.1 |spike glycoprotein,450,G,0.991448,neuređena,Ebola
YP_138523.1 |spike glycoprotein,451,P,0.989364,neuređena,Ebola
YP_138523.1 |spike glycoprotein,452,T,0.987463,neuređena,Ebola
YP_138523.1 |spike glycoprotein,453,T,0.985135,neuređena,Ebola
YP_138523.1 |spike glycoprotein,454,E,0.981642,neuređena,Ebola
YP_138523.1 |spike glycoprotein,455,A,0.975871,neuređena,Ebola
YP_138523.1 |spike glycoprotein,456,P,0.969715,neuređena,Ebola
YP_138523.1 |spike glycoprotein,457,T,0.963753,neuređena,Ebola
YP_138523.1 |spike glycoprotein,458,L,0.956133,neuređena,Ebola
YP_138523.1 |spike glycoprotein,459,T,0.946527,neuređena,Ebola
YP_138523.1 |spike glycoprotein,460,T,0.937328,neuređena,Ebola
YP_138523.1 |spike glycoprotein,461,P,0.928192,neuređena,Ebola
YP_138523.1 |spike glycoprotein,462,E,0.917876,neuređena,Ebola
YP_138523.1 |spike glycoprotein,463,N,0.904366,neuređena,Ebola
YP_138523.1 |spike glycoprotein,464,I,0.891852,neuređena,Ebola
YP_138523.1 |spike glycoprotein,465,T,0.875747,neuređena,Ebola
YP_138523.1 |spike glycoprotein,466,T,0.866496,neuređena,Ebola
YP_138523.1 |spike glycoprotein,467,A,0.858054,neuređena,Ebola
YP_138523.1 |spike glycoprotein,468,V,0.850273,neuređena,Ebola
YP_138523.1 |spike glycoprotein,469,K,0.841823,neuređena,Ebola
YP_138523.1 |spike glycoprotein,470,T,0.835791,neuređena,Ebola
YP_138523.1 |spike glycoprotein,471,V,0.830625,neuređena,Ebola
YP_138523.1 |spike glycoprotein,472,L,0.821023,neuređena,Ebola
YP_138523.1 |spike glycoprotein,473,P,0.815842,neuređena,Ebola
YP_138523.1 |spike glycoprotein,474,Q,0.811058,neuređena,Ebola
YP_138523.1 |spike glycoprotein,475,E,0.80616,neuređena,Ebola
YP_138523.1 |spike glycoprotein,476,S,0.798463,neuređena,Ebola
YP_138523.1 |spike glycoprotein,477,T,0.792841,neuređena,Ebola
YP_138523.1 |spike glycoprotein,478,S,0.789812,neuređena,Ebola
YP_138523.1 |spike glycoprotein,479,N,0.784223,neuređena,Ebola
YP_138523.1 |spike glycoprotein,480,G,0.775279,neuređena,Ebola
YP_138523.1 |spike glycoprotein,481,L,0.761911,neuređena,Ebola
YP_138523.1 |spike glycoprotein,482,I,0.744343,neuređena,Ebola
YP_138523.1 |spike glycoprotein,483,T,0.727013,neuređena,Ebola
YP_138523.1 |spike glycoprotein,484,S,0.70423,neuređena,Ebola
YP_138523.1 |spike glycoprotein,485,T,0.67388,neuređena,Ebola
YP_138523.1 |spike glycoprotein,486,V,0.650595,neuređena,Ebola
YP_138523.1 |spike glycoprotein,487,T,0.582619,neuređena,Ebola
YP_138523.1 |spike glycoprotein,488,G,0.496605,uređena,Ebola
YP_138523.1 |spike glycoprotein,489,I,0.530693,neuređena,Ebola
YP_138523.1 |spike glycoprotein,490,L,0.509847,neuređena,Ebola
YP_138523.1 |spike glycoprotein,491,G,0.517701,neuređena,Ebola
YP_138523.1 |spike glycoprotein,492,S,0.535779,neuređena,Ebola
YP_138523.1 |spike glycoprotein,493,L,0.559205,neuređena,Ebola
YP_138523.1 |spike glycoprotein,494,G,0.571679,neuređena,Ebola
YP_138523.1 |spike glycoprotein,495,L,0.614193,neuređena,Ebola
YP_138523.1 |spike glycoprotein,496,R,0.640013,neuređena,Ebola
YP_138523.1 |spike glycoprotein,497,K,0.656756,neuređena,Ebola
YP_138523.1 |spike glycoprotein,498,R,0.662529,neuređena,Ebola
YP_138523.1 |spike glycoprotein,499,S,0.67345,neuređena,Ebola
YP_138523.1 |spike glycoprotein,500,R,0.677237,neuređena,Ebola
YP_138523.1 |spike glycoprotein,501,R,0.705326,neuređena,Ebola
YP_138523.1 |spike glycoprotein,502,Q,0.692074,neuređena,Ebola
YP_138523.1 |spike glycoprotein,503,T,0.665901,neuređena,Ebola
YP_138523.1 |spike glycoprotein,504,N,0.693126,neuređena,Ebola
YP_138523.1 |spike glycoprotein,505,T,0.709877,neuređena,Ebola
YP_138523.1 |spike glycoprotein,506,K,0.668495,neuređena,Ebola
YP_138523.1 |spike glycoprotein,507,A,0.651091,neuređena,Ebola
YP_138523.1 |spike glycoprotein,508,T,0.62562,neuređena,Ebola
YP_138523.1 |spike glycoprotein,509,G,0.564184,neuređena,Ebola
YP_138523.1 |spike glycoprotein,510,K,0.503989,neuređena,Ebola
YP_138523.1 |spike glycoprotein,511,C,0.450094,uređena,Ebola
YP_138523.1 |spike glycoprotein,512,N,0.373148,uređena,Ebola
YP_138523.1 |spike glycoprotein,513,P,0.296439,uređena,Ebola
YP_138523.1 |spike glycoprotein,514,N,0.256016,uređena,Ebola
YP_138523.1 |spike glycoprotein,515,L,0.2188,uređena,Ebola
YP_138523.1 |spike glycoprotein,516,H,0.198724,uređena,Ebola
YP_138523.1 |spike glycoprotein,517,Y,0.2214,uređena,Ebola
YP_138523.1 |spike glycoprotein,518,W,0.25809,uređena,Ebola
YP_138523.1 |spike glycoprotein,519,T,0.312266,uređena,Ebola
YP_138523.1 |spike glycoprotein,520,A,0.342173,uređena,Ebola
YP_138523.1 |spike glycoprotein,521,Q,0.371491,uređena,Ebola
YP_138523.1 |spike glycoprotein,522,E,0.351947,uređena,Ebola
YP_138523.1 |spike glycoprotein,523,Q,0.324649,uređena,Ebola
YP_138523.1 |spike glycoprotein,524,H,0.295626,uređena,Ebola
YP_138523.1 |spike glycoprotein,525,N,0.273971,uređena,Ebola
YP_138523.1 |spike glycoprotein,526,A,0.207107,uređena,Ebola
YP_138523.1 |spike glycoprotein,527,A,0.178218,uređena,Ebola
YP_138523.1 |spike glycoprotein,528,G,0.155197,uređena,Ebola
YP_138523.1 |spike glycoprotein,529,I,0.115774,uređena,Ebola
YP_138523.1 |spike glycoprotein,530,A,0.093214,uređena,Ebola
YP_138523.1 |spike glycoprotein,531,W,0.086949,uređena,Ebola
YP_138523.1 |spike glycoprotein,532,I,0.088698,uređena,Ebola
YP_138523.1 |spike glycoprotein,533,P,0.089231,uređena,Ebola
YP_138523.1 |spike glycoprotein,534,Y,0.092885,uređena,Ebola
YP_138523.1 |spike glycoprotein,535,F,0.113264,uređena,Ebola
YP_138523.1 |spike glycoprotein,536,G,0.135978,uređena,Ebola
YP_138523.1 |spike glycoprotein,537,P,0.180326,uređena,Ebola
YP_138523.1 |spike glycoprotein,538,G,0.229582,uređena,Ebola
YP_138523.1 |spike glycoprotein,539,A,0.26793,uređena,Ebola
YP_138523.1 |spike glycoprotein,540,E,0.294694,uređena,Ebola
YP_138523.1 |spike glycoprotein,541,G,0.335918,uređena,Ebola
YP_138523.1 |spike glycoprotein,542,I,0.349409,uređena,Ebola
YP_138523.1 |spike glycoprotein,543,Y,0.358586,uređena,Ebola
YP_138523.1 |spike glycoprotein,544,T,0.37215,uređena,Ebola
YP_138523.1 |spike glycoprotein,545,E,0.363296,uređena,Ebola
YP_138523.1 |spike glycoprotein,546,G,0.320763,uređena,Ebola
YP_138523.1 |spike glycoprotein,547,L,0.271818,uređena,Ebola
YP_138523.1 |spike glycoprotein,548,M,0.237909,uređena,Ebola
YP_138523.1 |spike glycoprotein,549,H,0.216613,uređena,Ebola
YP_138523.1 |spike glycoprotein,550,N,0.206677,uređena,Ebola
YP_138523.1 |spike glycoprotein,551,Q,0.206272,uređena,Ebola
YP_138523.1 |spike glycoprotein,552,N,0.206729,uređena,Ebola
YP_138523.1 |spike glycoprotein,553,A,0.18681,uređena,Ebola
YP_138523.1 |spike glycoprotein,554,L,0.168238,uređena,Ebola
YP_138523.1 |spike glycoprotein,555,V,0.149491,uređena,Ebola
YP_138523.1 |spike glycoprotein,556,C,0.134731,uređena,Ebola
YP_138523.1 |spike glycoprotein,557,G,0.140754,uređena,Ebola
YP_138523.1 |spike glycoprotein,558,L,0.156391,uređena,Ebola
YP_138523.1 |spike glycoprotein,559,R,0.17261,uređena,Ebola
YP_138523.1 |spike glycoprotein,560,Q,0.195987,uređena,Ebola
YP_138523.1 |spike glycoprotein,561,L,0.249281,uređena,Ebola
YP_138523.1 |spike glycoprotein,562,A,0.308489,uređena,Ebola
YP_138523.1 |spike glycoprotein,563,N,0.332563,uređena,Ebola
YP_138523.1 |spike glycoprotein,564,E,0.357758,uređena,Ebola
YP_138523.1 |spike glycoprotein,565,T,0.358547,uređena,Ebola
YP_138523.1 |spike glycoprotein,566,T,0.318604,uređena,Ebola
YP_138523.1 |spike glycoprotein,567,Q,0.276899,uređena,Ebola
YP_138523.1 |spike glycoprotein,568,A,0.252485,uređena,Ebola
YP_138523.1 |spike glycoprotein,569,L,0.22684,uređena,Ebola
YP_138523.1 |spike glycoprotein,570,Q,0.197705,uređena,Ebola
YP_138523.1 |spike glycoprotein,571,L,0.183856,uređena,Ebola
YP_138523.1 |spike glycoprotein,572,F,0.180719,uređena,Ebola
YP_138523.1 |spike glycoprotein,573,L,0.171201,uređena,Ebola
YP_138523.1 |spike glycoprotein,574,R,0.176206,uređena,Ebola
YP_138523.1 |spike glycoprotein,575,A,0.187249,uređena,Ebola
YP_138523.1 |spike glycoprotein,576,T,0.19231,uređena,Ebola
YP_138523.1 |spike glycoprotein,577,T,0.191036,uređena,Ebola
YP_138523.1 |spike glycoprotein,578,E,0.20663,uređena,Ebola
YP_138523.1 |spike glycoprotein,579,L,0.212075,uređena,Ebola
YP_138523.1 |spike glycoprotein,580,R,0.209542,uređena,Ebola
YP_138523.1 |spike glycoprotein,581,T,0.202679,uređena,Ebola
YP_138523.1 |spike glycoprotein,582,Y,0.196575,uređena,Ebola
YP_138523.1 |spike glycoprotein,583,T,0.171857,uređena,Ebola
YP_138523.1 |spike glycoprotein,584,I,0.144779,uređena,Ebola
YP_138523.1 |spike glycoprotein,585,L,0.131401,uređena,Ebola
YP_138523.1 |spike glycoprotein,586,N,0.131928,uređena,Ebola
YP_138523.1 |spike glycoprotein,587,R,0.127641,uređena,Ebola
YP_138523.1 |spike glycoprotein,588,K,0.121315,uređena,Ebola
YP_138523.1 |spike glycoprotein,589,A,0.113224,uređena,Ebola
YP_138523.1 |spike glycoprotein,590,I,0.102905,uređena,Ebola
YP_138523.1 |spike glycoprotein,591,D,0.091744,uređena,Ebola
YP_138523.1 |spike glycoprotein,592,F,0.079477,uređena,Ebola
YP_138523.1 |spike glycoprotein,593,L,0.075247,uređena,Ebola
YP_138523.1 |spike glycoprotein,594,L,0.071981,uređena,Ebola
YP_138523.1 |spike glycoprotein,595,R,0.065901,uređena,Ebola
YP_138523.1 |spike glycoprotein,596,R,0.064371,uređena,Ebola
YP_138523.1 |spike glycoprotein,597,W,0.068802,uređena,Ebola
YP_138523.1 |spike glycoprotein,598,G,0.075918,uređena,Ebola
YP_138523.1 |spike glycoprotein,599,G,0.083308,uređena,Ebola
YP_138523.1 |spike glycoprotein,600,T,0.090701,uređena,Ebola
YP_138523.1 |spike glycoprotein,601,C,0.08505,uređena,Ebola
YP_138523.1 |spike glycoprotein,602,R,0.080763,uređena,Ebola
YP_138523.1 |spike glycoprotein,603,I,0.087151,uređena,Ebola
YP_138523.1 |spike glycoprotein,604,L,0.102762,uređena,Ebola
YP_138523.1 |spike glycoprotein,605,G,0.113298,uređena,Ebola
YP_138523.1 |spike glycoprotein,606,P,0.122556,uređena,Ebola
YP_138523.1 |spike glycoprotein,607,D,0.133135,uređena,Ebola
YP_138523.1 |spike glycoprotein,608,C,0.132869,uređena,Ebola
YP_138523.1 |spike glycoprotein,609,C,0.141541,uređena,Ebola
YP_138523.1 |spike glycoprotein,610,I,0.154127,uređena,Ebola
YP_138523.1 |spike glycoprotein,611,E,0.180326,uređena,Ebola
YP_138523.1 |spike glycoprotein,612,P,0.207767,uređena,Ebola
YP_138523.1 |spike glycoprotein,613,H,0.236819,uređena,Ebola
YP_138523.1 |spike glycoprotein,614,D,0.239291,uređena,Ebola
YP_138523.1 |spike glycoprotein,615,W,0.268278,uređena,Ebola
YP_138523.1 |spike glycoprotein,616,T,0.313431,uređena,Ebola
YP_138523.1 |spike glycoprotein,617,K,0.333743,uređena,Ebola
YP_138523.1 |spike glycoprotein,618,N,0.351856,uređena,Ebola
YP_138523.1 |spike glycoprotein,619,I,0.371785,uređena,Ebola
YP_138523.1 |spike glycoprotein,620,T,0.360914,uređena,Ebola
YP_138523.1 |spike glycoprotein,621,D,0.332118,uređena,Ebola
YP_138523.1 |spike glycoprotein,622,K,0.304775,uređena,Ebola
YP_138523.1 |spike glycoprotein,623,I,0.289214,uređena,Ebola
YP_138523.1 |spike glycoprotein,624,N,0.256368,uređena,Ebola
YP_138523.1 |spike glycoprotein,625,Q,0.23904,uređena,Ebola
YP_138523.1 |spike glycoprotein,626,I,0.197971,uređena,Ebola
YP_138523.1 |spike glycoprotein,627,I,0.182056,uređena,Ebola
YP_138523.1 |spike glycoprotein,628,H,0.184415,uređena,Ebola
YP_138523.1 |spike glycoprotein,629,D,0.206661,uređena,Ebola
YP_138523.1 |spike glycoprotein,630,F,0.235985,uređena,Ebola
YP_138523.1 |spike glycoprotein,631,I,0.273736,uređena,Ebola
YP_138523.1 |spike glycoprotein,632,D,0.335853,uređena,Ebola
YP_138523.1 |spike glycoprotein,633,N,0.424012,uređena,Ebola
YP_138523.1 |spike glycoprotein,634,P,0.497696,uređena,Ebola
YP_138523.1 |spike glycoprotein,635,L,0.525807,neuređena,Ebola
YP_138523.1 |spike glycoprotein,636,P,0.555141,neuređena,Ebola
YP_138523.1 |spike glycoprotein,637,N,0.595158,neuređena,Ebola
YP_138523.1 |spike glycoprotein,638,Q,0.604298,neuređena,Ebola
YP_138523.1 |spike glycoprotein,639,D,0.557269,neuređena,Ebola
YP_138523.1 |spike glycoprotein,640,N,0.516206,neuređena,Ebola
YP_138523.1 |spike glycoprotein,641,D,0.485487,uređena,Ebola
YP_138523.1 |spike glycoprotein,642,D,0.382975,uređena,Ebola
YP_138523.1 |spike glycoprotein,643,N,0.270842,uređena,Ebola
YP_138523.1 |spike glycoprotein,644,W,0.199526,uređena,Ebola
YP_138523.1 |spike glycoprotein,645,W,0.143735,uređena,Ebola
YP_138523.1 |spike glycoprotein,646,T,0.082779,uređena,Ebola
YP_138523.1 |spike glycoprotein,647,G,0.058828,uređena,Ebola
YP_138523.1 |spike glycoprotein,648,W,0.052048,uređena,Ebola
YP_138523.1 |spike glycoprotein,649,R,0.043262,uređena,Ebola
YP_138523.1 |spike glycoprotein,650,Q,0.042524,uređena,Ebola
YP_138523.1 |spike glycoprotein,651,W,0.055582,uređena,Ebola
YP_138523.1 |spike glycoprotein,652,I,0.063223,uređena,Ebola
YP_138523.1 |spike glycoprotein,653,P,0.064401,uređena,Ebola
YP_138523.1 |spike glycoprotein,654,A,0.071648,uređena,Ebola
YP_138523.1 |spike glycoprotein,655,G,0.07403,uređena,Ebola
YP_138523.1 |spike glycoprotein,656,I,0.058504,uređena,Ebola
YP_138523.1 |spike glycoprotein,657,G,0.052567,uređena,Ebola
YP_138523.1 |spike glycoprotein,658,I,0.053683,uređena,Ebola
YP_138523.1 |spike glycoprotein,659,T,0.046711,uređena,Ebola
YP_138523.1 |spike glycoprotein,660,G,0.038192,uređena,Ebola
YP_138523.1 |spike glycoprotein,661,I,0.032836,uređena,Ebola
YP_138523.1 |spike glycoprotein,662,I,0.025427,uređena,Ebola
YP_138523.1 |spike glycoprotein,663,I,0.015461,uređena,Ebola
YP_138523.1 |spike glycoprotein,664,A,0.010764,uređena,Ebola
YP_138523.1 |spike glycoprotein,665,I,0.008073,uređena,Ebola
YP_138523.1 |spike glycoprotein,666,I,0.006809,uređena,Ebola
YP_138523.1 |spike glycoprotein,667,A,0.005697,uređena,Ebola
YP_138523.1 |spike glycoprotein,668,L,0.0064,uređena,Ebola
YP_138523.1 |spike glycoprotein,669,L,0.00896,uređena,Ebola
YP_138523.1 |spike glycoprotein,670,C,0.013687,uređena,Ebola
YP_138523.1 |spike glycoprotein,671,V,0.027544,uređena,Ebola
YP_138523.1 |spike glycoprotein,672,C,0.057145,uređena,Ebola
YP_138523.1 |spike glycoprotein,673,K,0.094453,uređena,Ebola
YP_138523.1 |spike glycoprotein,674,L,0.143259,uređena,Ebola
YP_138523.1 |spike glycoprotein,675,L,0.171468,uređena,Ebola
YP_138523.1 |spike glycoprotein,676,C,0.203752,uređena,Ebola
